,Name,City,Seat,Party,Polarization,Democratic agreement,Republican agreement
110,"Higgins, N.",Dover-Foxcroft,H-120,Independent,0.00792953432525825,0.5971074380165289,0.6190476190476191
171,"Stanley, P.",Medway,H-143,Republican,-0.10897330481276594,0.6398416886543535,0.5284015852047557
146,"Nadeau, C.",Winslow,H-78,Republican,-0.1298521062908872,0.6614785992217899,0.5168831168831168
219,"Saviello, T.",Franklin,S-17,Republican,0.20592768324563634,0.6082089552238806,0.8383458646616542
215,"Katz, R.",Kennebec,S-15,Republican,0.2163609999927134,0.5781818181818181,0.8168498168498168
214,"Hill, D.",York,S-35,Democratic,-0.26997273151684903,0.863013698630137,0.6036866359447005
217,"Maker, J.",Washington,H-140,Republican,0.288755974106221,0.5632183908045977,0.9073359073359073
217,"Maker, J.",Washington,H-31,Republican,0.288755974106221,0.5632183908045977,0.9073359073359073
217,"Maker, J.",Washington,S-6,Republican,0.288755974106221,0.5632183908045977,0.9073359073359073
91,"Fecteau, R.",Augusta,H-11,Democratic,-0.3113454169082919,0.7414104882459313,0.40452488687782806
129,"Marean, D.",Hollis,H-16,Independent/Republican,0.33121843318859767,0.40471092077087795,0.7896995708154506
216,"Langley, B.",Hancock,S-7,Republican,0.34406831322272485,0.5019305019305019,0.9224806201550387
74,"Corey, P.",Windham,H-25,Republican,0.34634412290501965,0.4069319640564827,0.7724935732647815
221,"Volk, A.",Cumberland,S-30,Republican,0.3600371812410115,0.4980544747081712,0.9333333333333333
225,"CasÃ¡s, O.",Rockport,H-94,Independent,-0.36346287650447406,0.7852941176470588,0.40707964601769914
258,"Sherman, R.",Hodgdon,H-144,Republican,0.3689087801652245,0.38372093023255816,0.8132295719844358
211,"Collins, R.",York,S-34,Republican,0.3805169536465157,0.48717948717948717,0.9520295202952029
224,"Battle, K.",South Portland,H-33,Independent,-0.3874066268683175,0.8316151202749141,0.4241379310344828
210,"Brakey, E.",Androscoggin,S-20,Republican,0.3963708030803616,0.3726235741444867,0.7931034482758621
184,"Tuell, W.",East Machias,H-139,Republican,0.40448474570848436,0.36259541984732824,0.8012738853503185
222,"Whittemore, R.",Somerset,S-3,Republican,0.40817369620503985,0.4542124542124542,0.948339483394834
124,"Landry, H.",Farmington,H-113,Democratic,-0.4095659639440108,0.777511961722488,0.35645933014354064
263,"Vachon, K.",Scarborough,H-29,Republican,0.41637190840103555,0.38,0.8510028653295129
220,"Thibodeau, M.",Waldo,S-11,Republican,0.42334137394659777,0.4384057971014493,0.9562043795620438
243,"Herrick, L.",Paris,H-73,Republican,0.42558021020354425,0.375,0.8487084870848709
218,"Mason, G.",Androscoggin,S-22,Republican,0.4268839291140517,0.41544117647058826,0.8888888888888888
213,"Dion, M.",Cumberland,H-113,Democratic,-0.438794020655761,0.9753086419753086,0.4979253112033195
213,"Dion, M.",Cumberland,H-43,Democratic,-0.438794020655761,0.9753086419753086,0.4979253112033195
213,"Dion, M.",Cumberland,S-28,Democratic,-0.438794020655761,0.9753086419753086,0.4979253112033195
212,"Cushing, A.",Penobscot,H-39,Republican,0.4399103757347251,0.4,0.8951612903225806
212,"Cushing, A.",Penobscot,S-10,Republican,0.4399103757347251,0.4,0.8951612903225806
212,"Cushing, A.",Penobscot,S-33,Republican,0.4399103757347251,0.4,0.8951612903225806
13,"Dow, D.",Lincoln,H-50,Republican,0.44480812564859806,0.425629290617849,0.9284064665127021
13,"Dow, D.",Lincoln,S-13,Republican,0.44480812564859806,0.425629290617849,0.9284064665127021
201,"Verow, A.",Brewer,H-128,Democratic,-0.45518157309176327,0.839622641509434,0.3018867924528302
201,"Verow, A.",Brewer,H-21,Democratic,-0.45518157309176327,0.839622641509434,0.3018867924528302
35,"Rosen, K.",Hancock,S-8,Republican,0.47862030892113416,0.39943741209563993,0.9133522727272727
313,"Bennett, R.",Oxford,S-19,Republican,0.4793325138467455,0.3771626297577855,0.8566433566433567
172,"Stearns, P.",Guilford,H-119,Republican,0.48324617321589536,0.3253652058432935,0.8590425531914894
43,"Woodsome, D.",York,S-33,Republican,0.4834331213586519,0.3954154727793696,0.911849710982659
265,"Ward, K.",Dedham,H-131,Republican,0.4835175906437411,0.3333333333333333,0.8973384030418251
11,"Diamond, B.",Cumberland,S-12,Democratic,-0.4863768780035271,0.9156293222683264,0.401673640167364
11,"Diamond, B.",Cumberland,S-26,Democratic,-0.4863768780035271,0.9156293222683264,0.401673640167364
238,"Grohman, M.",Biddeford,H-12,Independent,-0.4865894866923658,0.86084142394822,0.34415584415584416
234,"Gillway, J.",Searsport,H-98,Republican,0.49120344443070446,0.32653061224489793,0.8918128654970761
59,"Bickford, B.",Auburn,H-63,Republican,0.5078488354188442,0.30261348005502064,0.8636363636363636
4,"Carpenter, M.",Aroostook,S-2,Democratic,-0.5117574702474993,0.9631449631449631,0.40594059405940597
34,"Pouliot, M.",Augusta,S-15,Republican,0.5143712239730458,0.33125,0.8879093198992444
254,"Picchiotti, J.",Fairfield,H-108,Republican,0.5184074499198001,0.3157894736842105,0.9090909090909091
257,"Seavey, H.",Kennebunkport,H-9,Republican,0.525233339275988,0.30973451327433627,0.9142011834319527
18,"Gratwick, G.",Penobscot,S-9,Democratic,-0.5256003555480157,0.9707865168539326,0.3922902494331066
66,"Campbell, R.",Orrington,H-130,Republican,0.5287172071362528,0.29324894514767935,0.8858350951374208
250,"McElwee, C.",Caribou,H-149,Republican,0.5303353437965898,0.3020527859237537,0.9205882352941176
0,"Bellows, S.",Kennebec,S-14,Democratic,-0.5317322400005808,0.9436936936936937,0.3659090909090909
157,"Pluecker, W.",Warren,H-95,Independent,-0.5325629146873104,0.8382687927107062,0.2642369020501139
21,"Hamper, J.",Oxford,S-19,Republican,0.5332227899727119,0.3310810810810811,0.9272727272727272
12,"Dill, J.",Penobscot,S-5,Democratic,-0.5334722840775225,0.9425444596443229,0.3674033149171271
267,"Wood, S.",Greene,H-57,Republican,0.5353188767478639,0.29850746268656714,0.9161676646706587
249,"Malaby, R.",Hancock,H-136,Republican,0.5413995755004625,0.29591836734693877,0.9215017064846417
170,"Skolfield, T.",Weld,H-112,Republican,0.5429646949459849,0.28,0.8811748998664887
105,"Harrington, M.",Sanford,H-19,Republican,0.5446278284672754,0.276510067114094,0.8817204301075269
162,"Riseman, W.",Harrison,H-69,Independent,-0.5449922505060331,0.837378640776699,0.2524271844660194
31,"Miramant, D.",Knox,S-12,Democratic,-0.5456571420647601,0.9189560439560439,0.3287101248266297
44,"Deschambault, S.",York,S-32,Democratic,-0.5481003150423037,0.9394812680115274,0.35131195335276966
6,"Chenette, J.",York,H-15,Democratic,-0.554119697150776,0.9509345794392523,0.35294117647058826
6,"Chenette, J.",York,S-31,Democratic,-0.554119697150776,0.9509345794392523,0.35294117647058826
10,"Davis, P.",Piscataquis,S-4,Republican,0.5571907335301349,0.33972602739726027,0.946058091286307
5,"Carson, B.",Cumberland,S-24,Democratic,-0.5574173796579934,0.9745370370370371,0.3621495327102804
235,"Ginzler, P.",Bridgton,H-69,Republican,0.5574845630904715,0.29411764705882354,0.9292035398230089
119,"Keschl, D.",Belgrade,H-76,Republican,0.5588727688313402,0.2808988764044944,0.9044943820224719
119,"Keschl, D.",Belgrade,H-83,Republican,0.5588727688313402,0.2808988764044944,0.9044943820224719
17,"Foley, R.",York,H-7,Republican,0.560441830079909,0.301010101010101,0.9247967479674797
48,"Alley, R.",Beals,H-138,Democratic,-0.5614484865705698,0.9011857707509882,0.2994722955145119
240,"Harlow, D.",Portland,H-36,Independent,-0.5619291816731911,0.8706896551724138,0.28530259365994237
264,"Wallace, R.",Dexter,H-104,Republican,0.5690797167391078,0.25903614457831325,0.9033232628398792
115,"Ingwersen, H.",Arundel,H-10,Democratic,-0.5693502493865061,0.9352941176470588,0.2823529411764706
9,"Cyrway, S.",Kennebec,S-16,Republican,0.569787081500948,0.3168724279835391,0.9391424619640387
32,"Moore, M.",Washington,S-6,Republican,0.5722804383228965,0.32096069868995636,0.9116997792494481
227,"Chapman, R.",Brooksville,H-133,Independent,-0.5729782127168483,0.8825301204819277,0.28700906344410876
70,"Cebra, R.",Naples,H-101,Republican,0.5743053216451407,0.24822695035460993,0.8863232682060391
70,"Cebra, R.",Naples,H-68,Republican,0.5743053216451407,0.24822695035460993,0.8863232682060391
54,"Babine, S.",Scarborough,H-29,Democratic,-0.5748521619399436,0.9265536723163842,0.2768361581920904
24,"Jackson, T.",Aroostook,S-1,Democratic,-0.5756970097541217,0.9683195592286501,0.34075104311543813
208,"Devin, M.",Newcastle,H-90,Democratic,-0.5758004189889163,0.9019607843137255,0.30049261083743845
137,"Maxmin, C.",Lincoln,H-88,Democratic,-0.5800562106172513,0.9096774193548387,0.2792207792207792
137,"Maxmin, C.",Lincoln,S-13,Democratic,-0.5800562106172513,0.9096774193548387,0.2792207792207792
45,"Keim, L.",Oxford,S-18,Republican,0.5833056837436016,0.30484330484330485,0.9396551724137931
244,"Hilliard, G.",Belgrade,H-76,Republican,0.5846068043239478,0.2772585669781931,0.94375
226,"Chace, P.",Durham,H-46,Republican,0.5846963377251696,0.2848297213622291,0.9627329192546584
268,"Gerrish, K.",Lebanon,H-20,Republican,0.5900620277540026,0.27299703264094954,0.9494047619047619
42,"Vitelli, E.",Sagadahoc,S-19,Democratic,-0.5903453022771851,0.9743243243243244,0.330150068212824
42,"Vitelli, E.",Sagadahoc,S-23,Democratic,-0.5903453022771851,0.9743243243243244,0.330150068212824
255,"Pierce, J.",Dresden,H-53,Republican,0.5919323088546057,0.2672955974842767,0.9526813880126183
47,"Ackley, K.",Monmouth,H-82,Independent,-0.5954452534272185,0.8950381679389313,0.25812619502868067
151,"Peoples, A.",Westbrook,H-125,Democratic,-0.5957396695170176,0.9389312977099237,0.24427480916030533
151,"Peoples, A.",Westbrook,H-35,Democratic,-0.5957396695170176,0.9389312977099237,0.24427480916030533
242,"Hawke, S.",Boothbay Harbor,H-89,Republican,0.5957938405010517,0.26426426426426425,0.9548192771084337
130,"Martin, J.",Eagle Lake,H-151,Democratic,-0.5965048612647559,0.9008894536213469,0.27353689567430023
231,"Fredette, K.",Newport,H-100,Republican,0.5974830263931235,0.2672955974842767,0.9495268138801262
86,"Evangelos, J.",Friendship,H-49,Independent,-0.5988913697801224,0.8668341708542714,0.2135678391959799
86,"Evangelos, J.",Friendship,H-91,Independent,-0.5988913697801224,0.8668341708542714,0.2135678391959799
102,"Hanington, S.",Lincoln,H-142,Republican,0.5994230533299173,0.23387096774193547,0.9171717171717172
195,"Grignon, C.",Athens,H-118,Republican,0.6004167160578878,0.2606060606060606,0.9454545454545454
228,"Craig, G.",Brewer,H-128,Republican,0.6023953151288788,0.25287356321839083,0.9394812680115274
89,"Fay, J.",Raymond,H-66,Democratic,-0.6033961917002707,0.9103260869565217,0.2680272108843537
175,"Strom, S.",Pittsfield,H-106,Republican,0.6035311369410639,0.23529411764705882,0.9144486692015209
3,"Breen, C.",Cumberland,S-25,Democratic,-0.6041381506436826,0.9706703910614525,0.3145275035260931
134,"Mastraccio, A.",Sanford,H-18,Democratic,-0.6058059751552092,0.9377358490566038,0.28544423440453687
7,"Chipman, B.",Cumberland,H-119,Democratic,-0.6084806889012749,0.9387755102040817,0.28434065934065933
7,"Chipman, B.",Cumberland,H-40,Democratic,-0.6084806889012749,0.9387755102040817,0.28434065934065933
7,"Chipman, B.",Cumberland,S-27,Democratic,-0.6084806889012749,0.9387755102040817,0.28434065934065933
92,"Foley, V.",Biddeford,H-12,Democratic,-0.6099623327861159,0.9487179487179487,0.2564102564102564
108,"Hickman, C.",Kennebec,S-14,Democratic,-0.6101174682894199,0.916256157635468,0.26732673267326734
191,"DeVeau, J.",Caribou,H-149,Republican,0.6106851592892932,0.1623931623931624,0.8461538461538461
46,"Libby, N.",Androscoggin,S-21,Democratic,-0.6110611490097649,0.9711399711399712,0.30377906976744184
245,"Hogan, G.",Old Orchard Beach,H-13,Democratic,-0.6114271264975177,0.9591836734693877,0.30409356725146197
230,"Espling, E.",New Gloucester,H-65,Republican,0.61226031502158,0.2413793103448276,0.9279538904899135
111,"Hobbs, D.",Wells,H-7,Democratic,-0.6142207970587035,0.9222222222222223,0.25
23,"Herbig, E.",Belfast,H-97,Democratic,-0.6159157190409377,0.954183266932271,0.2905811623246493
23,"Herbig, E.",Belfast,S-11,Democratic,-0.6159157190409377,0.954183266932271,0.2905811623246493
237,"Grant, G.",Gardiner,H-83,Democratic,-0.6164659449840344,0.9393063583815029,0.28405797101449276
259,"Simmons, A.",Waldoboro,H-91,Republican,0.6170518037460112,0.24579124579124578,0.9493243243243243
1,"Black, R.",Franklin,H-114,Republican,0.6207538287055282,0.2731893265565438,0.9564660691421255
1,"Black, R.",Franklin,S-17,Republican,0.6207538287055282,0.2731893265565438,0.9564660691421255
275,"Carlow, N.",Buxton,H-16,Republican,0.6212665163304837,0.22,0.876
173,"Stewart, T.",Aroostook,H-147,Republican,0.6230480434654281,0.26277372262773724,0.9596577017114915
173,"Stewart, T.",Aroostook,S-2,Republican,0.6230480434654281,0.26277372262773724,0.9596577017114915
248,"Madigan, J.",Rumford,H-115,Democratic,-0.6232266306814442,0.9653179190751445,0.2956521739130435
209,"Denno, D.",Cumberland,H-45,Democratic,-0.6240397706166563,0.9629629629629629,0.29714285714285715
181,"Theriault, T.",China,H-79,Republican,0.6244207226312798,0.23113207547169812,0.937007874015748
176,"Swallow, G.",Houlton,H-144,Republican,0.6256394625485796,0.20670391061452514,0.9217877094972067
269,"Kinney, J.",Limington,H-22,Republican,0.626910552143435,0.2238372093023256,0.9358600583090378
241,"Harvell, L.",Farmington,H-113,Republican,0.6290362790885745,0.23921568627450981,0.9606299212598425
241,"Harvell, L.",Farmington,H-89,Republican,0.6290362790885745,0.23921568627450981,0.9606299212598425
131,"Martin, R.",Sinclair,H-150,Democratic,-0.6297500539585701,0.9308005427408412,0.26358695652173914
153,"Perry, A.",Calais,H-140,Democratic,-0.6306793658947918,0.9272237196765498,0.2587601078167116
122,"Kornfield, V.",Bangor,H-125,Democratic,-0.631030773657226,0.9636015325670498,0.2783109404990403
229,"Duchesne, R.",Hudson,H-121,Democratic,-0.6311342621640486,0.9579288025889967,0.2857142857142857
261,"Spear, J.",South Thomaston,H-92,Democratic,-0.6322365370963308,0.9425287356321839,0.27089337175792505
299,"Roche, T.",Wells,H-7,Republican,0.6325449942710997,0.21830985915492956,0.8943661971830986
247,"Longstaff, T.",Waterville,H-109,Democratic,-0.6326059552213047,0.9656160458452722,0.29022988505747127
161,"Riley, C.",Jay,H-74,Democratic,-0.6326232446837079,0.963265306122449,0.2714285714285714
79,"Curtis, P.",Madison,H-111,Republican,0.6330765587955081,0.23121387283236994,0.9884393063583815
79,"Curtis, P.",Madison,H-86,Republican,0.6330765587955081,0.23121387283236994,0.9884393063583815
51,"Austin, B.",Skowhegan,H-107,Democratic,-0.6332976665461447,0.9600760456273765,0.2704761904761905
169,"Sheats, B.",Auburn,H-64,Democratic,-0.634241595887036,0.9561904761904761,0.26717557251908397
314,"Curry, C.",Waldo,S-11,Democratic,-0.6345456770248549,0.9577464788732394,0.2704626334519573
252,"Parker, J.",South Berwick,H-6,Democratic,-0.6373554796609211,0.9588235294117647,0.2743362831858407
232,"Frey, A.",Bangor,H-124,Democratic,-0.6388514410210099,0.9702970297029703,0.2847682119205298
186,"White, B.",Waterville,H-109,Democratic,-0.6390913352014297,0.9090909090909091,0.22144522144522144
205,"Moriarty, S.",Cumberland,H-108,Democratic,-0.6396520897190984,0.8985507246376812,0.2289855072463768
205,"Moriarty, S.",Cumberland,H-45,Democratic,-0.6396520897190984,0.8985507246376812,0.2289855072463768
81,"Dillingham, K.",Oxford,H-72,Republican,0.6402754153300244,0.22159887798036465,0.922752808988764
256,"Sanderson, D.",Chelsea,H-88,Republican,0.6402955624582808,0.17320261437908496,0.8852459016393442
167,"Schneck, J.",Bangor,H-126,Democratic,-0.6403837609209057,0.9606299212598425,0.26429980276134124
312,"Baldacci, J.",Penobscot,S-9,Democratic,-0.6411831078822965,0.9436619718309859,0.2553191489361702
206,"DeChant, J.",Bath,H-52,Democratic,-0.6418994086481704,0.968299711815562,0.28034682080924855
262,"Sutton, P.",Warren,H-95,Republican,0.6423083531217323,0.16857142857142857,0.8710601719197708
29,"Millett, R.",Cumberland,H-30,Democratic,-0.643673703606837,0.9765739385065886,0.27982326951399117
29,"Millett, R.",Cumberland,S-29,Democratic,-0.643673703606837,0.9765739385065886,0.27982326951399117
158,"Prescott, D.",Waterboro,H-17,Republican,0.6441423187554476,0.19970631424375918,0.9161764705882353
266,"Winsor, T.",Norway,H-71,Republican,0.6445979318773817,0.18874172185430463,0.9003322259136213
126,"Lockman, L.",Bradley,H-137,Republican,0.6455828172328396,0.16432865731462926,0.8775100401606426
19,"Guerin, S.",Penobscot,H-102,Republican,0.6457112955588469,0.24206349206349206,0.9493333333333334
19,"Guerin, S.",Penobscot,S-10,Republican,0.6457112955588469,0.24206349206349206,0.9493333333333334
260,"Sirocki, H.",Scarborough,H-28,Republican,0.645733425980955,0.16176470588235295,0.8643067846607669
62,"Bradstreet, R.",Vassalboro,H-80,Republican,0.64597625821867,0.21798365122615804,0.9440654843110505
160,"Reed, R.",Carmel,H-103,Republican,0.6461424724432657,0.1917808219178082,0.9117647058823529
156,"Pierce, T.",Falmouth,H-44,Democratic,-0.6464537437881777,0.9413333333333334,0.24833110814419226
73,"Cooper, J.",Yarmouth,H-47,Democratic,-0.6466266868717333,0.9654510556621881,0.25961538461538464
308,"Warren, S.",Scarborough,H-29,Democratic/Independent,-0.6483451975455123,0.8779527559055118,0.19291338582677164
114,"Hymanson, P.",York,H-4,Democratic,-0.6492486231751059,0.9329829172141918,0.24078947368421053
239,"Hamann, S.",South Portland,H-32,Democratic,-0.6518393149921816,0.9538461538461539,0.25925925925925924
149,"Ordway, L.",Standish,H-23,Republican,0.6518666353493752,0.2107329842931937,0.9423328964613368
118,"Jorgensen, E.",Portland,H-41,Democratic,-0.6522098102008697,0.9662698412698413,0.2504970178926441
121,"Kinney, M.",Knox,H-99,Republican,0.6522862752449768,0.21458625525946703,0.9410112359550562
107,"Hepler, A.",Woolwich,H-53,Democratic,-0.652550212316801,0.9110576923076923,0.21153846153846154
99,"Haggan, D.",Hampden,H-101,Republican,0.653407853213763,0.2138728323699422,0.9551374819102749
132,"Martin, T.",Greene,H-57,Republican,0.6543855240349892,0.2017291066282421,0.930835734870317
132,"Martin, T.",Greene,S-25,Republican,0.6543855240349892,0.2017291066282421,0.930835734870317
154,"Perry, J.",Bangor,H-124,Democratic,-0.6553114137109549,0.9073033707865169,0.2050561797752809
197,"Millett, H.",Waterford,H-71,Republican,0.6556320937931231,0.2052505966587112,0.9307875894988067
50,"Arata, A.",New Gloucester,H-65,Republican,0.6565839577739344,0.19220779220779222,0.9246753246753247
95,"Gideon, S.",Freeport,H-48,Democratic,-0.6571317690136854,0.9816326530612245,0.25357873210633947
233,"Fuller, R.",Lewiston,H-59,Democratic,-0.6572056662103144,0.9701492537313433,0.2694610778443114
27,"Luchini, L.",Hancock,H-132,Democratic,-0.6579504545097183,0.9608391608391609,0.2559774964838256
27,"Luchini, L.",Hancock,S-7,Democratic,-0.6579504545097183,0.9608391608391609,0.2559774964838256
106,"Head, F.",Bethel,H-117,Republican,0.6587024331174248,0.21511627906976744,0.9548762736535662
127,"Lyford, P.",Eddington,H-129,Republican,0.6593154644294045,0.17896174863387979,0.9001367989056087
14,"Farrin, B.",Norridgewock,S-3,Republican,0.6597480195175854,0.23758389261744967,0.9648648648648649
155,"Pickett, R.",Dixfield,H-116,Republican,0.6598931090564636,0.20391061452513967,0.9356643356643357
112,"Hubbell, B.",Bar Harbor,H-135,Democratic,-0.660928771839732,0.9712643678160919,0.2514395393474088
36,"Sanborn, H.",Cumberland,S-28,Democratic,-0.6628012735604343,0.9601542416452442,0.24870466321243523
223,"Bates, D.",Westbrook,H-35,Democratic,-0.6632021979274617,0.9617834394904459,0.25559105431309903
56,"Bailey, D.",York,H-14,Democratic,-0.6634323476490345,0.9540372670807453,0.24094881398252185
56,"Bailey, D.",York,S-31,Democratic,-0.6634323476490345,0.9540372670807453,0.24094881398252185
251,"Monaghan, K.",Cape Elizabeth,H-30,Democratic,-0.6634679866243602,0.9826589595375722,0.263768115942029
165,"Rykerson, D.",Kittery,H-1,Democratic,-0.6636280701354991,0.9542743538767395,0.2345924453280318
246,"Kumiega, W.",Deer Isle,H-134,Democratic,-0.6640279340624848,0.9828080229226361,0.26436781609195403
94,"Gattine, D.",Westbrook,H-34,Democratic,-0.6645485650699698,0.9900398406374502,0.2554890219560878
236,"Golden, J.",Lewiston,H-60,Democratic,-0.664600146435973,0.971875,0.2601880877742947
138,"McCrea, D.",Fort Fairfield,H-148,Democratic,-0.6653509264420533,0.9504447268106735,0.23536895674300254
253,"Parry, W.",Arundel,H-10,Republican,0.6660463742932257,0.211864406779661,0.9507640067911715
143,"Moonen, M.",Portland,H-38,Democratic,-0.6664952872416885,0.9829545454545454,0.24857685009487665
101,"Handy, J.",Lewiston,H-58,Democratic,-0.6670353122946384,0.9601518026565465,0.22813688212927757
202,"Wadsworth, N.",Hiram,H-70,Republican,0.6674568319303199,0.2015810276679842,0.9511873350923483
41,"Timberlake, J.",Androscoggin,H-75,Republican,0.6675060426064058,0.23056994818652848,0.9647519582245431
41,"Timberlake, J.",Androscoggin,S-22,Republican,0.6675060426064058,0.23056994818652848,0.9647519582245431
166,"Sampson, H.",Alfred,H-21,Republican,0.66958348824156,0.19205298013245034,0.9442970822281167
207,"O'Connell, K.",Brewer,H-128,Democratic,-0.6703639122954822,0.898876404494382,0.20224719101123595
88,"Faulkingham, B.",Winter Harbor,H-136,Republican,0.6706285816142462,0.1918158567774936,0.928388746803069
133,"Mason, R.",Lisbon,H-56,Republican,0.6723576609585001,0.196870925684485,0.9490861618798956
203,"Daughtry, M.",Brunswick,H-49,Democratic,-0.6727587408934579,0.9706632653061225,0.23717948717948717
203,"Daughtry, M.",Brunswick,S-24,Democratic,-0.6727587408934579,0.9706632653061225,0.23717948717948717
87,"Farnsworth, R.",Portland,H-37,Democratic,-0.6742463240690145,0.9693486590038314,0.236084452975048
182,"Tipping, R.",Orono,H-123,Democratic,-0.6742520903744981,0.972,0.22845691382765532
318,"Brenner, S.",Cumberland,S-30,Democratic,-0.6752046316184236,0.9823943661971831,0.2491103202846975
152,"Perkins, M.",Oakland,H-77,Republican,0.6756433440641803,0.19143239625167335,0.9477211796246648
8,"Claxton, N.",Androscoggin,S-20,Democratic,-0.676352361253918,0.9673202614379085,0.2356828193832599
69,"Carney, A.",Cape Elizabeth,H-30,Democratic,-0.676967138532499,0.9596602972399151,0.2222222222222222
69,"Carney, A.",Cape Elizabeth,S-29,Democratic,-0.676967138532499,0.9596602972399151,0.2222222222222222
270,"Turner, B.",Burlington,H-141,Republican,0.6775351152058025,0.12380952380952381,0.856687898089172
316,"Boyle, J.",Gorham,H-27,Democratic,-0.6782729802232936,0.9583333333333334,0.2361111111111111
316,"Boyle, J.",Gorham,S-6,Democratic,-0.6782729802232936,0.9583333333333334,0.2361111111111111
196,"McLean, A.",Gorham,H-27,Democratic,-0.6785321291228211,0.980440097799511,0.24019607843137256
147,"O'Connor, B.",Berwick,H-5,Republican,0.6787366491305769,0.18463611859838275,0.9392712550607287
52,"Austin, S.",Gray,H-67,Republican,0.6787558875072706,0.19444444444444445,0.9582806573957017
57,"Beebe-Center, P.",Rockland,H-93,Democratic,-0.679111423419968,0.9591439688715954,0.2222222222222222
188,"White, D.",Mars Hill,H-146,Republican,0.6793661751487016,0.17437252311756934,0.9312169312169312
26,"Lawrence, M.",Eliot,S-35,Democratic,-0.6823329668398938,0.9685264663805436,0.23487031700288186
49,"Andrews, J.",Paris,H-73,Libertarian/Republican,0.6839020351515922,0.1554959785522788,0.8981233243967829
128,"Madigan, C.",Waterville,H-110,Democratic,-0.6844103098713413,0.9619289340101523,0.22363405336721728
80,"Denk, D.",Kennebunk,H-9,Democratic,-0.6845248042811191,0.9757575757575757,0.18787878787878787
180,"Terry, M.",Gorham,H-26,Democratic,-0.6853559297400493,0.9684625492772667,0.22894736842105262
123,"Kryzak, T.",Acton,H-20,Republican,0.6873355302638665,0.17804154302670624,0.9495548961424333
83,"Doore, D.",Augusta,H-85,Democratic,-0.687996761619332,0.9699115044247788,0.22695035460992907
294,"Newman, D.",Belgrade,H-76,Republican,0.6882961678955184,0.15708812260536398,0.896551724137931
60,"Blier, M.",Buxton,H-22,Republican,0.6883800229974333,0.1828978622327791,0.9548693586698337
85,"Dunphy, M.",Old Town,H-122,Democratic,-0.6894330692896996,0.9587096774193549,0.21963824289405684
140,"McDonald, G.",Stonington,H-134,Democratic,-0.690154753103075,0.9340659340659341,0.18681318681318682
315,"Rafferty, J.",York,S-34,Democratic,-0.6908803952969971,0.9722222222222222,0.22807017543859648
67,"Cardone, B.",Bangor,H-127,Democratic,-0.6912162328645896,0.9603580562659847,0.21382842509603073
296,"Poirier, J.",Skowhegan,H-107,Republican,0.6914028978470601,0.17054263565891473,0.9108527131782945
183,"Tucker, R.",Brunswick,H-50,Democratic,-0.6919789213410389,0.9698162729658792,0.21813403416557162
53,"Babbidge, C.",Kennebunk,H-8,Democratic,-0.69340588991912,0.9573643410852714,0.2108667529107374
100,"Hall, R.",Wilton,H-114,Republican,0.6955557146070978,0.1873589164785553,0.9480812641083521
117,"Johansen, C.",Monticello,H-145,Republican,0.6965917753735626,0.13313161875945537,0.8909090909090909
200,"Stover, H.",Boothbay,H-89,Democratic,-0.6980294376082782,0.9457547169811321,0.19103773584905662
71,"Cloutier, K.",Lewiston,H-60,Democratic,-0.6987628786259396,0.933806146572104,0.18439716312056736
159,"Reckitt, L.",South Portland,H-31,Democratic,-0.6990313689660478,0.9523809523809523,0.1947019867549669
72,"Collings, B.",Portland,H-42,Democratic,-0.6997743776956343,0.9575289575289575,0.2036082474226804
185,"Warren, C.",Hallowell,H-84,Democratic,-0.7028988083274345,0.9612903225806452,0.20284237726098192
103,"Hanley, J.",Pittston,H-87,Republican,0.7036365894026311,0.1592797783933518,0.9431345353675451
64,"Bryant, M.",Windham,H-24,Democratic,-0.7048458714307376,0.9681122448979592,0.20561941251596424
150,"Paulhus, S.",Bath,H-52,Democratic,-0.7054977268331165,0.9644268774703557,0.18972332015810275
78,"Cuddy, S.",Winterport,H-98,Democratic,-0.7064367517361035,0.9376623376623376,0.18701298701298702
148,"O'Neil, M.",Saco,H-15,Democratic,-0.7098481042669043,0.9634941329856584,0.19843342036553524
65,"Caiazzo, C.",Scarborough,H-28,Democratic,-0.7102794568517179,0.9397590361445783,0.18313253012048192
177,"Sylvester, M.",Portland,H-39,Democratic,-0.7110944377627896,0.9592123769338959,0.19154929577464788
58,"Berry, S.",Bowdoinham,H-55,Democratic,-0.7113535213426619,0.970360824742268,0.19741935483870968
58,"Berry, S.",Bowdoinham,H-67,Democratic,-0.7113535213426619,0.970360824742268,0.19741935483870968
178,"Talbot Ross, R.",Portland,H-40,Democratic,-0.7115982709575142,0.9638709677419355,0.19767441860465115
39,"Sanborn, L.",Cumberland,H-130,Democratic,-0.7123375754982509,0.9880239520958084,0.2
84,"Drinkwater, G.",Milford,H-121,Republican,0.7128920142900265,0.16037735849056603,0.9504716981132075
179,"Tepler, D.",Topsham,H-54,Democratic,-0.7130638556705541,0.975609756097561,0.20051413881748073
61,"Blume, L.",York,H-3,Democratic,-0.7136922142833599,0.9676985195154778,0.192722371967655
189,"Zeigler, S.",Montville,H-96,Democratic,-0.7154208839995596,0.9677002583979328,0.19146183699870634
141,"Melaragno, G.",Auburn,H-62,Democratic,-0.7170820202658315,0.9696586599241467,0.1911392405063291
139,"McCreight, J.",Harpswell,H-51,Democratic,-0.718973086705956,0.9847522236340533,0.1984732824427481
116,"Javner, K.",Chester,H-141,Republican,0.7192809249326635,0.15342465753424658,0.9616438356164384
145,"Morris, J.",Turner,H-75,Republican,0.7194379248976729,0.16400911161731208,0.9612756264236902
199,"Stetkis, J.",Canaan,H-105,Republican,0.7197584922898249,0.13870541611624834,0.9312169312169312
98,"Grohoski, N.",Ellsworth,H-132,Democratic,-0.7232541202344356,0.9369158878504673,0.15186915887850466
98,"Grohoski, N.",Ellsworth,S-7,Democratic,-0.7232541202344356,0.9369158878504673,0.15186915887850466
190,"Brooks, H.",Lewiston,H-61,Democratic,-0.7304868811331862,0.9797191887675507,0.190625
193,"Dolloff, J.",Milton Township,H-115,Republican,0.7305952811449539,0.15,0.9611111111111111
113,"Hutchins, S.",Penobscot,H-131,Republican,0.7321057932833187,0.1362530413625304,0.927007299270073
168,"Sharpe, B.",Durham,H-46,Democratic,-0.7359271342870864,0.9747899159663865,0.15126050420168066
76,"Craven, M.",Lewiston,H-59,Democratic,-0.7360356765882546,0.9651972157772621,0.16705336426914152
198,"Pebworth, S.",Blue Hill,H-133,Democratic,-0.7360736492313589,0.9474885844748858,0.15296803652968036
77,"Crockett, W.",Portland,H-43,Democratic,-0.7364218852755267,0.9549763033175356,0.15402843601895735
120,"Kessler, C.",South Portland,H-32,Democratic,-0.7380642933421862,0.9508196721311475,0.14988290398126464
75,"Costain, D.",Plymouth,H-100,Republican,0.7380873427966564,0.15064935064935064,0.9662337662337662
306,"Tuttle, J.",Sanford,H-143,Democratic,-0.7415628354275099,0.8993288590604027,0.14093959731543623
306,"Tuttle, J.",Sanford,H-18,Democratic,-0.7415628354275099,0.8993288590604027,0.14093959731543623
306,"Tuttle, J.",Sanford,S-3,Democratic,-0.7415628354275099,0.8993288590604027,0.14093959731543623
288,"Hasenfus, T.",Readfield,H-81,Democratic,-0.7421716235147152,0.9351145038167938,0.14885496183206107
63,"Brennan, M.",Portland,H-36,Democratic,-0.7446139090589189,0.9713603818615751,0.15513126491646778
142,"Meyer, M.",Eliot,H-2,Democratic,-0.7450601798095593,0.9659090909090909,0.16136363636363638
194,"Doudera, V.",Camden,H-94,Democratic,-0.7453082944636629,0.9743589743589743,0.1585081585081585
277,"Collamore, A.",Pittsfield,H-106,Republican,0.7455537522899005,0.14396887159533073,0.9416342412451362
317,"LaRochelle, R.",Augusta,H-86,Democratic,-0.7468544030659923,1.0,0.19718309859154928
281,"Downes, K.",Bucksport,H-130,Republican,0.7498225191409663,0.14393939393939395,0.946969696969697
135,"Matlack, A.",St. George,H-92,Democratic,-0.7500460469099375,0.9725400457665904,0.15331807780320367
104,"Harnett, T.",Gardiner,H-83,Democratic,-0.752248702013981,0.9659863945578231,0.14965986394557823
93,"Foster, S.",Dexter,H-104,Republican,0.7534485547927207,0.12413793103448276,0.9632183908045977
163,"Roberts, T.",South Berwick,H-6,Democratic,-0.755852667238372,0.9744245524296675,0.1432225063938619
97,"Griffin, A.",Levant,H-102,Republican,0.7561859843538717,0.1295843520782396,0.980440097799511
96,"Gramlich, L.",Old Orchard Beach,H-13,Democratic,-0.7617824228594117,0.9626168224299065,0.1261682242990654
164,"Rudnicki, S.",Fairfield,H-108,Republican,0.7665891732928861,0.107981220657277,0.9553990610328639
272,"Bailey, K.",Gorham,H-27,Democratic,-0.7676851633812422,0.9298245614035088,0.11695906432748537
82,"Dodge, J.",Belfast,H-97,Democratic,-0.7722808001137356,0.9819819819819819,0.13288288288288289
297,"Quint, T.",Hodgdon,H-144,Republican,0.7746137160283312,0.1062992125984252,0.9291338582677166
292,"Lyman, S.",Livermore Falls,H-74,Republican,0.7759320482635261,0.12062256809338522,0.9649805447470817
144,"Morales, V.",South Portland,H-33,Democratic,-0.7788629256121229,0.9863325740318907,0.12984054669703873
305,"Thorne, J.",Carmel,H-103,Republican,0.783927890013419,0.11877394636015326,0.9655172413793104
278,"Connor, J.",Lewiston,H-58,Republican,0.7848588237089436,0.1062992125984252,0.9606299212598425
276,"Carmichael, M.",Greenbush,H-137,Republican,0.7866909295048052,0.0967741935483871,0.9516129032258065
283,"Evans, R.",Dover-Foxcroft,H-120,Democratic,-0.7888575308903923,0.9619771863117871,0.12927756653992395
282,"Ducharme, J.",Madison,H-111,Republican,0.7900009331528998,0.10775862068965517,0.9612068965517241
271,"Arford, P.",Brunswick,H-49,Democratic,-0.7952777304437585,0.9696969696969697,0.12121212121212122
290,"Libby, L.",Auburn,H-64,Republican,0.797171397409407,0.08139534883720931,0.9418604651162791
274,"Bernard, S.",Caribou,H-149,Republican,0.8026667695864469,0.10126582278481013,0.9746835443037974
309,"Williams, L.",Bar Harbor,H-135,Democratic,-0.8031549566206234,0.9598393574297188,0.10441767068273092
307,"Underwood, J.",Presque Isle,H-147,Republican,0.8097786775885895,0.07569721115537849,0.9442231075697212
280,"Crafts, L.",Newcastle,H-90,Democratic,-0.8100732201553613,0.9847328244274809,0.11450381679389313
301,"Sachs, M.",Freeport,H-48,Democratic,-0.8117327863095694,0.9809160305343512,0.11068702290076336
300,"Roeder, A.",Bangor,H-125,Democratic,-0.8138355561329312,0.984375,0.109375
293,"Mathieson, K.",Kittery,H-1,Democratic,-0.8146370016658461,0.9796747967479674,0.11382113821138211
310,"Wood, B.",Portland,H-38,Democratic,-0.8150036539242158,0.9688715953307393,0.10116731517509728
304,"Supica, L.",Bangor,H-126,Democratic,-0.81521045464661,0.9705882352941176,0.10504201680672269
284,"Geiger, V.",Rockland,H-93,Democratic,-0.8156608585093993,0.9704641350210971,0.0970464135021097
279,"Copeland, L.",Saco,H-14,Democratic,-0.816394676874865,0.9758064516129032,0.10080645161290322
287,"Greenwood, R.",Wales,H-82,Republican,0.8171467718363511,0.08365019011406843,0.9619771863117871
289,"Lemelin, M.",Chelsea,H-88,Republican,0.81944982344467,0.08527131782945736,0.9767441860465116
303,"Sheehan, E.",Biddeford,H-12,Democratic,-0.8199368428645059,0.9885496183206107,0.11068702290076336
285,"Gere, T.",Kennebunkport,H-9,Democratic,-0.8234713992220093,0.9884169884169884,0.10424710424710425
302,"Salisbury, S.",Westbrook,H-35,Democratic,-0.8244875980900221,0.9803149606299213,0.09448818897637795
311,"Zager, S.",Portland,H-41,Democratic,-0.8253632046664913,0.9809885931558935,0.09505703422053231
298,"Rielly, M.",Westbrook,H-34,Democratic,-0.828353484223527,0.9809885931558935,0.09505703422053231
295,"Osher, L.",Orono,H-123,Democratic,-0.8289687728890693,0.98046875,0.09375
291,"Lookner, G.",Portland,H-37,Democratic,-0.8317954207664701,0.9763779527559056,0.07480314960629922
286,"Gifford, J.",Lincoln,H-12,Republican,0.833944769076679,0.05194805194805195,0.9523809523809523
286,"Gifford, J.",Lincoln,H-142,Republican,0.833944769076679,0.05194805194805195,0.9523809523809523
273,"Bell, A.",Yarmouth,H-47,Democratic,-0.8362753011239574,0.9810606060606061,0.08712121212121213
